{
    "UF": [
        {
            "nome": "Acre", 
            "meses": [
                { "mes": "Janeiro", "value": 0 },
                { "mes": "Fevereiro", "value": 0 },
                { "mes": "Março", "value": 42 },
                { "mes": "Abril", "value": 404 },
                { "mes": "Maio", "value": 6219 },
                { "mes": "Junho", "value": 13253 },
                { "mes": "Julho", "value": 19625 },
                { "mes": "Agosto", "value": 24647 },
                { "mes": "Setembro", "value": 28222 },
                { "mes": "Outubro", "value": 30796 },
                { "mes": "Novembro", "value": 36259 },
                { "mes": "Dezembro", "value": 41620 }
            ]
        },
        {   
            "nome": "Alagoas", 
            "meses": [
                {"mes":"Janeiro", "value": 0},
                {"mes": "Fevereiro", "value": 0},
                {"mes": "Março", "value": 18},
                {"mes": "Abril", "value": 1045},
                {"mes": "Maio", "value": 10288},
                {"mes": "Junho", "value": 35962},
                {"mes": "Julho", "value": 59725},
                {"mes": "Agosto", "value": 78804},
                {"mes": "Setembro", "value": 86879},
                {"mes": "Outubro", "value": 90789},
                {"mes": "Novembro", "value": 94984},
                {"mes": "Dezembro", "value": 104818}
            ]
        },
        {   "nome": "Amapá", 
            "meses": [
                {"mes": "Janeiro", "value": 0},
                {"mes": "Fevereiro", "value": 0},
                {"mes": "Março", "value": 10},
                {"mes": "Abril", "value": 1080},
                {"mes": "Maio", "value": 9602},
                {"mes": "Junho", "value": 28492},
                {"mes": "Julho", "value": 36468},
                {"mes": "Agosto", "value": 43193},
                {"mes": "Setembro", "value": 48254},
                {"mes": "Outubro", "value": 52175},
                {"mes": "Novembro", "value": 59131},
                {"mes": "Dezembro", "value": 68201}
            ]
        },
        {   "nome": "Amazonas",
            "meses": [
                {"mes": "Janeiro", "value": 0},
                {"mes": "Fevereiro", "value": 0},
                {"mes": "Março", "value": 175},
                {"mes": "Abril", "value": 5254},
                {"mes": "Maio", "value": 41378},
                {"mes": "Junho", "value": 70823},
                {"mes": "Julho", "value": 100940},
                {"mes": "Agosto", "value": 120296},
                {"mes": "Setembro", "value": 139326},
                {"mes": "Outubro", "value": 161683},
                {"mes": "Novembro", "value": 178200},
                {"mes": "Dezembro", "value": 201013}
            ]
        },
        {   "nome": "Bahia",
            "meses": [
                {"mes": "Janeiro", "value": 0},
                {"mes": "Fevereiro", "value": 0},
                {"mes": "Março", "value": 217},
                {"mes": "Abril", "value": 2867},
                {"mes": "Maio", "value": 18392},
                {"mes": "Junho", "value": 73307},
                {"mes": "Julho", "value": 166154},
                {"mes": "Agosto", "value": 256727},
                {"mes": "Setembro", "value": 310526},
                {"mes": "Outubro", "value": 353157},
                {"mes": "Novembro", "value": 403071},
                {"mes": "Dezembro", "value": 493400}
            ]
        },
        {   "nome": "Ceará",
            "meses": [
                {"mes": "Janeiro", "value": 0},
                {"mes": "Fevereiro", "value": 0},
                {"mes": "Março", "value": 401},
                {"mes": "Abril", "value": 7861},
                {"mes": "Maio", "value": 48489},
                {"mes": "Junho", "value": 110483},
                {"mes": "Julho", "value": 174662},
                {"mes": "Agosto", "value": 214953},
                {"mes": "Setembro", "value": 241159},
                {"mes": "Outubro", "value": 274185},
                {"mes": "Novembro", "value": 301251},
                {"mes": "Dezembro", "value": 335992}
            ]
        },
        {   "nome": "Distrito Federal",
            "meses": [
                {"mes": "Janeiro", "value": 0},
                {"mes": "Fevereiro", "value": 0},
                {"mes": "Março", "value": 305},
                {"mes": "Abril", "value": 1342},
                {"mes": "Maio", "value": 8807},
                {"mes": "Junho", "value": 43800},
                {"mes": "Julho", "value": 93689},
                {"mes": "Agosto", "value": 142734},
                {"mes": "Setembro", "value": 168630},
                {"mes": "Outubro", "value": 186994},
                {"mes": "Novembro", "value": 200976},
                {"mes": "Dezembro", "value": 220482}
            ]
        },
        {   "nome": "Espírito Santo",
            "meses": [
                {"mes": "Janeiro", "value": 0},
                {"mes": "Fevereiro", "value": 0},
                {"mes": "Março", "value": 97},
                {"mes": "Abril", "value": 2688},
                {"mes": "Maio", "value": 13690},
                {"mes": "Junho", "value": 46893},
                {"mes": "Julho", "value": 83292},
                {"mes": "Agosto", "value": 111263},
                {"mes": "Setembro", "value": 131490},
                {"mes": "Outubro", "value": 155721},
                {"mes": "Novembro", "value": 190001},
                {"mes": "Dezembro", "value": 248251}
            ]
        },
        {   "nome": "Goiás",
            "meses": [
                {"mes": "Janeiro", "value": 0},
                {"mes": "Fevereiro", "value": 0},
                {"mes": "Março", "value": 65},
                {"mes": "Abril", "value": 781},
                {"mes": "Maio", "value": 3726},
                {"mes": "Junho", "value": 24910},
                {"mes": "Julho", "value": 69249},
                {"mes": "Agosto", "value": 133796},
                {"mes": "Setembro", "value": 211240},
                {"mes": "Outubro", "value": 255646},
                {"mes": "Novembro", "value": 279892},
                {"mes": "Dezembro", "value": 309110}
            ]
        },
        {   "nome": "Maranhão", 
            "meses": [
                {"mes": "Janeiro", "value": 0},
                {"mes": "Fevereiro", "value": 0},
                {"mes": "Março", "value": 51},
                {"mes": "Abril", "value": 3506},
                {"mes": "Maio", "value": 35297},
                {"mes": "Junho", "value": 80451},
                {"mes": "Julho", "value": 120661},
                {"mes": "Agosto", "value": 151615},
                {"mes": "Setembro", "value": 173564},
                {"mes": "Outubro", "value": 185827},
                {"mes": "Novembro", "value": 193170},
                {"mes": "Dezembro", "value": 200938}
            ]
        },
        {   "nome": "Mato Grosso", 
            "meses": [
                {"mes": "Janeiro", "value": 0},
                {"mes": "Fevereiro", "value": 0},
                {"mes": "Março", "value": 25},
                {"mes": "Abril", "value": 302},
                {"mes": "Maio", "value": 2485},
                {"mes": "Junho", "value": 16304},
                {"mes": "Julho", "value": 52078},
                {"mes": "Agosto", "value": 92265},
                {"mes": "Setembro", "value": 124060},
                {"mes": "Outubro", "value": 143638},
                {"mes": "Novembro", "value": 158982},
                {"mes": "Dezembro", "value": 180451}
            ]
        },
        {   "nome": "Mato Grosso do Sul",
            "meses": [
                {"mes": "Janeiro", "value": 0},
                {"mes": "Fevereiro", "value": 0},
                {"mes": "Março", "value": 48},
                {"mes": "Abril", "value": 255},
                {"mes": "Maio", "value": 1568},
                {"mes": "Junho", "value": 8676},
                {"mes": "Julho", "value": 25739},
                {"mes": "Agosto", "value": 49820},
                {"mes": "Setembro", "value": 70239},
                {"mes": "Outubro", "value": 82618},
                {"mes": "Novembro", "value": 100151},
                {"mes": "Dezembro", "value": 134750}
            ]
        },
        {   "nome": "Minas Gerais",
            "meses": [
                {"mes": "Janeiro", "value": 0},
                {"mes": "Fevereiro", "value": 0},
                {"mes": "Março", "value": 275},
                {"mes": "Abril", "value": 1827},
                {"mes": "Maio", "value": 10464},
                {"mes": "Junho", "value": 45001},
                {"mes": "Julho", "value": 127106},
                {"mes": "Agosto", "value": 216557},
                {"mes": "Setembro", "value": 295169},
                {"mes": "Outubro", "value": 358971},
                {"mes": "Novembro", "value": 416335},
                {"mes": "Dezembro", "value": 542909}
            ]
        },
        {   "nome": "Pará",
            "meses": [
                {"mes": "Janeiro", "value": 0},
                {"mes": "Fevereiro", "value": 0},
                {"mes": "Março", "value": 34},
                {"mes": "Abril", "value": 2999},
                {"mes": "Maio", "value": 37961},
                {"mes": "Junho", "value": 105853},
                {"mes": "Julho", "value": 156053},
                {"mes": "Agosto", "value": 200985},
                {"mes": "Setembro", "value": 231743},
                {"mes": "Outubro", "value": 253080},
                {"mes": "Novembro", "value": 271228},
                {"mes": "Dezembro", "value": 293802}
            ]
        },
        {   "nome": "Paraíba",
            "meses": [
                {"mes": "Janeiro", "value": 0},
                {"mes": "Fevereiro", "value": 0},
                {"mes": "Março", "value": 18},
                {"mes": "Abril", "value": 926},
                {"mes": "Maio", "value": 13162},
                {"mes": "Junho", "value": 43957},
                {"mes": "Julho", "value": 81794},
                {"mes": "Agosto", "value": 105778},
                {"mes": "Setembro", "value": 121267},
                {"mes": "Outubro", "value": 133149},
                {"mes": "Novembro", "value": 154253},
                {"mes": "Dezembro", "value": 166484}
            ]   
        },
        {   "nome": "Paraná", 
            "meses": [
                {"mes": "Janeiro", "value": 0},
                {"mes": "Fevereiro", "value": 0},
                {"mes": "Março", "value": 185},
                {"mes": "Abril", "value": 1423},
                {"mes": "Maio", "value": 4752},
                {"mes": "Junho", "value": 22877},
                {"mes": "Julho", "value": 76112},
                {"mes": "Agosto", "value": 131906},
                {"mes": "Setembro", "value": 178898},
                {"mes": "Outubro", "value": 213482},
                {"mes": "Novembro", "value": 280084},
                {"mes": "Dezembro", "value": 416566}
            ]
        },
        {   "nome": "Pernambuco",
            "meses": [
                {"mes": "Janeiro", "value": 0},
                {"mes": "Fevereiro", "value": 0},
                {"mes": "Março", "value": 87},
                {"mes": "Abril", "value": 6876},
                {"mes": "Maio", "value": 34450},
                {"mes": "Junho", "value": 58858},
                {"mes": "Julho", "value": 95858},
                {"mes": "Agosto", "value": 125539},
                {"mes": "Setembro", "value": 147171},
                {"mes": "Outubro", "value": 162893},
                {"mes": "Novembro", "value": 182406},
                {"mes": "Dezembro", "value": 222166}
            ]
        },
        {   "nome": "Piauí", 
            "meses": [
                {"mes": "Janeiro", "value": 0},
                {"mes": "Fevereiro", "value": 0},
                {"mes": "Março", "value": 18},
                {"mes": "Abril", "value": 600},
                {"mes": "Maio", "value": 5119},
                {"mes": "Junho", "value": 22059},
                {"mes": "Julho", "value": 52458},
                {"mes": "Agosto", "value": 77859},
                {"mes": "Setembro", "value": 96849},
                {"mes": "Outubro", "value": 113546},
                {"mes": "Novembro", "value": 127686},
                {"mes": "Dezembro", "value": 143179}
            ]
        },
        {   "nome": "Rio de Janeiro", 
            "meses": [
                {"mes": "Janeiro", "value": 0},
                {"mes": "Fevereiro", "value": 0},
                {"mes": "Março", "value": 708},
                {"mes": "Abril", "value": 9453},
                {"mes": "Maio", "value": 53388},
                {"mes": "Junho", "value": 112611},
                {"mes": "Julho", "value": 165495},
                {"mes": "Agosto", "value": 223631},
                {"mes": "Setembro", "value": 264783},
                {"mes": "Outubro", "value": 309977},
                {"mes": "Novembro", "value": 354354},
                {"mes": "Dezembro", "value": 434648}
            ]
        },
        {   "nome": "Rio Grande do Norte",
            "meses": [
                {"mes": "Janeiro", "value": 0},
                {"mes": "Fevereiro", "value": 0},
                {"mes": "Março", "value": 82},
                {"mes": "Abril", "value": 1297},
                {"mes": "Maio", "value": 8008},
                {"mes": "Junho", "value": 31964},
                {"mes": "Julho", "value": 51700},
                {"mes": "Agosto", "value": 62204},
                {"mes": "Setembro", "value": 69965},
                {"mes": "Outubro", "value": 81518},
                {"mes": "Novembro", "value": 96096},
                {"mes": "Dezembro", "value": 118999}
            ]
        },
        {   "nome": "Rio Grande do Sul", 
            "meses": [
                {"mes": "Janeiro", "value": 0},
                {"mes": "Fevereiro", "value": 0},
                {"mes": "Março", "value": 305},
                {"mes": "Abril", "value": 1529},
                {"mes": "Maio", "value": 9332},
                {"mes": "Junho", "value": 26941},
                {"mes": "Julho", "value": 66692},
                {"mes": "Agosto", "value": 125816},
                {"mes": "Setembro", "value": 190572},
                {"mes": "Outubro", "value": 247576},
                {"mes": "Novembro", "value": 322058},
                {"mes": "Dezembro", "value": 449674}
            ]
        },
        {   "nome": "Rondônia", 
            "meses": [
                {"mes": "Janeiro", "value": 0},
                {"mes": "Fevereiro", "value": 0},
                {"mes": "Março", "value": 9},
                {"mes": "Abril", "value": 502},
                {"mes": "Maio", "value": 4942},
                {"mes": "Junho", "value": 21251},
                {"mes": "Julho", "value": 38992},
                {"mes": "Agosto", "value": 55153},
                {"mes": "Setembro", "value": 65911},
                {"mes": "Outubro", "value": 71666},
                {"mes": "Novembro", "value": 80538},
                {"mes": "Dezembro", "value": 95729}
            ]
        },
        {   "nome": "Roraima", 
            "meses": [
                {"mes": "Janeiro", "value": 0},
                {"mes": "Fevereiro", "value": 0},
                {"mes": "Março", "value": 16},
                {"mes": "Abril", "value": 519},
                {"mes": "Maio", "value": 3692},
                {"mes": "Junho", "value": 15153},
                {"mes": "Julho", "value": 32723},
                {"mes": "Agosto", "value": 43707},
                {"mes": "Setembro", "value": 50681},
                {"mes": "Outubro", "value": 57407},
                {"mes": "Novembro", "value": 63572},
                {"mes": "Dezembro", "value": 68710}
            ]
        },
        {   "nome": "Santa Catarina", 
            "meses": [
                {"mes": "Janeiro", "value": 0},
                {"mes": "Fevereiro", "value": 0},
                {"mes": "Março", "value": 235},
                {"mes": "Abril", "value": 2394},
                {"mes": "Maio", "value": 9037},
                {"mes": "Junho", "value": 26354},
                {"mes": "Julho", "value": 84073},
                {"mes": "Agosto", "value": 177777},
                {"mes": "Setembro", "value": 215478},
                {"mes": "Outubro", "value": 258940},
                {"mes": "Novembro", "value": 364344},
                {"mes": "Dezembro", "value": 492583}
            ]
        },
        {   
            "nome": "São Paulo",
            "meses": [
                {"mes": "Janeiro", "value": 0},
                {"mes": "Fevereiro", "value": 0},
                {"mes": "Março", "value": 2339},
                {"mes": "Abril", "value": 28698},
                {"mes": "Maio", "value": 109698},
                {"mes": "Junho", "value": 281380},
                {"mes": "Julho", "value": 542304},
                {"mes": "Agosto", "value": 804342},
                {"mes": "Setembro", "value": 985628},
                {"mes": "Outubro", "value": 1116127},
                {"mes": "Novembro", "value": 1241653},
                {"mes": "Dezembro", "value": 1462297}
            ]
        },
        {
            "nome": "Sergipe", 
            "meses": [
                {"mes": "Janeiro", "value": 0},
                {"mes": "Fevereiro", "value": 0},
                {"mes": "Março", "value": 19},
                {"mes": "Abril", "value": 453},
                {"mes": "Maio", "value": 6999},
                {"mes": "Junho", "value": 25411},
                {"mes": "Julho", "value": 58713},
                {"mes": "Agosto", "value": 72528},
                {"mes": "Setembro", "value": 77440},
                {"mes": "Outubro", "value": 84326},
                {"mes": "Novembro", "value": 90148},
                {"mes": "Dezembro", "value": 112505}
            ]
        },
        {
            "nome": "Tocantins", 
            "meses": [
                {"mes": "Janeiro", "value": 0},
                {"mes": "Fevereiro", "value": 0},
                {"mes": "Março", "value": 12},
                {"mes": "Abril", "value": 164},
                {"mes": "Maio", "value": 4176},
                {"mes": "Junho", "value": 11222},
                {"mes": "Julho", "value": 25346},
                {"mes": "Agosto", "value": 51629},
                {"mes": "Setembro", "value": 68060},
                {"mes": "Outubro", "value": 75625},
                {"mes": "Novembro", "value": 81972},
                {"mes": "Dezembro", "value": 90536}
            ]
        }
    ]
}
